category, bucket , samples, bar_f1 , tick_f1
bars    , in_dist,     100, 0.12410, 0.25332
bars    , ood    ,       0, 0.00000, 0.00000
ticks   , in_dist,     100, 0.12410, 0.25332
ticks   , ood    ,       0, 0.00000, 0.00000
ar      , in_dist,     100, 0.12410, 0.25332
ar      , ood    ,       0, 0.00000, 0.00000
